<?xml version="1.0" encoding="UTF-8" ?>
<XMLDB PATH="plagiarism/drillbit/db" VERSION="20210414" COMMENT="XMLDB file for Moodle plagiarism/Drillbit plugin."
    xmlns:xsi="http://www.w3.org/2001/XMLSchema-instance"
    xsi:noNamespaceSchemaLocation="../../../lib/xmldb/xmldb.xsd"
>
  <TABLES>
    <TABLE NAME="plagiarism_drillbit_files" COMMENT="info about submitted files">
      <FIELDS>
        <FIELD NAME="id" TYPE="int" LENGTH="10" NOTNULL="true" SEQUENCE="true"/>
        <FIELD NAME="cm" TYPE="int" LENGTH="10" NOTNULL="true" DEFAULT="0" SEQUENCE="false"/>
        <FIELD NAME="userid" TYPE="int" LENGTH="10" NOTNULL="true" DEFAULT="0" SEQUENCE="false"/>
        <FIELD NAME="submitter" TYPE="int" LENGTH="10" NOTNULL="false" SEQUENCE="false"/>
        <FIELD NAME="identifier" TYPE="char" LENGTH="255" NOTNULL="true" SEQUENCE="false"/>
        <FIELD NAME="submissionid" TYPE="char" LENGTH="255" NOTNULL="false" SEQUENCE="false"/>
        <FIELD NAME="itemid" TYPE="int" LENGTH="10" NOTNULL="false" SEQUENCE="false"/>
        <FIELD NAME="statuscode" TYPE="char" LENGTH="10" NOTNULL="false" SEQUENCE="false"/>
        <FIELD NAME="similarityscore" TYPE="int" LENGTH="10" NOTNULL="false" SEQUENCE="false"/>
        <FIELD NAME="dkey" TYPE="char" LENGTH="64" NOTNULL="false" SEQUENCE="false"/>
        <FIELD NAME="attempt" TYPE="int" LENGTH="5" NOTNULL="true" DEFAULT="0" SEQUENCE="false"/>
        <FIELD NAME="lastmodified" TYPE="int" LENGTH="10" NOTNULL="false" DEFAULT="0" SEQUENCE="false"/>
        <FIELD NAME="grade" TYPE="int" LENGTH="10" NOTNULL="false" SEQUENCE="false"/>
        <FIELD NAME="submissiontype" TYPE="text" NOTNULL="false" SEQUENCE="false"/>
        <FIELD NAME="errorcode" TYPE="int" LENGTH="10" NOTNULL="false" SEQUENCE="false"/>
        <FIELD NAME="errormsg" TYPE="text" NOTNULL="false" SEQUENCE="false"/>
        <FIELD NAME="student_read" TYPE="int" LENGTH="10" NOTNULL="false" SEQUENCE="false"/>
        <FIELD NAME="callback_url" TYPE="text" NOTNULL="false" SEQUENCE="false"/>
        <FIELD NAME="download_url" TYPE="text" NOTNULL="false" SEQUENCE="false"/>
      </FIELDS>
      <KEYS>
        <KEY NAME="primary" TYPE="primary" FIELDS="id"/>
        <KEY NAME="cm" TYPE="foreign" FIELDS="cm" REFTABLE="course_modules" REFFIELDS="id"/>
        <KEY NAME="userid" TYPE="foreign" FIELDS="userid" REFTABLE="user" REFFIELDS="id"/>
      </KEYS>
      <INDEXES>
        <INDEX NAME="submissionid" UNIQUE="false" FIELDS="submissionid"/>
      </INDEXES>
    </TABLE>
    <TABLE NAME="drillbit_account_config" COMMENT="Plagiarism Plugin Account Information">
      <FIELDS>
        <FIELD NAME="id" TYPE="int" LENGTH="10" NOTNULL="true" SEQUENCE="true"/>
        <FIELD NAME="email_id" TYPE="char" LENGTH="350" NOTNULL="true" SEQUENCE="false"/>
        <FIELD NAME="password" TYPE="char" LENGTH="32" NOTNULL="false" SEQUENCE="false"/>
        <FIELD NAME="folder_id" TYPE="char" LENGTH="32" NOTNULL="false" DEFAULT="NULL" SEQUENCE="false"/>
        <FIELD NAME="api_key" TYPE="char" LENGTH="256" NOTNULL="false" SEQUENCE="false"/>
        <FIELD NAME="api_url" TYPE="char" LENGTH="1024" NOTNULL="false" DEFAULT="NULL" SEQUENCE="false"/>
      </FIELDS>
      <KEYS>
        <KEY NAME="primary" TYPE="primary" FIELDS="id"/>
      </KEYS>
    </TABLE>
    <TABLE NAME="drillbit_plugin_config" COMMENT="info about plugin config">
      <FIELDS>
        <FIELD NAME="id" TYPE="int" LENGTH="10" NOTNULL="true" SEQUENCE="true"/>
        <FIELD NAME="cm" TYPE="int" LENGTH="10" NOTNULL="false" SEQUENCE="false"/>
        <FIELD NAME="name" TYPE="char" LENGTH="255" NOTNULL="true" SEQUENCE="false"/>
        <FIELD NAME="value" TYPE="char" LENGTH="255" NOTNULL="true" SEQUENCE="false"/>
        <FIELD NAME="config_hash" TYPE="char" LENGTH="255" NOTNULL="true" SEQUENCE="false"/>
      </FIELDS>
      <KEYS>
        <KEY NAME="primary" TYPE="primary" FIELDS="id"/>
      </KEYS>
    </TABLE>
  </TABLES>
</XMLDB>