<?xml version="1.0"?>
<libraries>
    <library>
        <location>vendor/kelvinmo/simplejwt</location>
        <name>simplejwt</name>
        <license>BSD</license>
        <version>0.5.1</version>
        <licenseversion></licenseversion>
    </library>
    <library>
        <location>vendor/psr/container</location>
        <name>psr</name>
        <license>MIT</license>
        <version>1.0.x-dev</version>
        <licenseversion></licenseversion>
    </library>
    <library>
        <location>vendor/symfony</location>
        <name>psr</name>
        <license>MIT</license>
        <version>1.0.x-dev</version>
        <licenseversion></licenseversion>
    </library>
    <library>
        <location>vendor/composer</location>
        <name>psr</name>
        <license>MIT</license>
        <version>1.0.x-dev</version>
        <licenseversion></licenseversion>
    </library>
</libraries>